7a159e13-d893-4588-b20d-f4586cc2c24b	1	Accelerate your workflows and elevate your work with Adobe CS Live online services
f8c10363-a532-4d0d-8818-7ba1bbb1e77e	1	ActionScript 1:1 with Doug Winnie
3a331099-db85-4881-8794-ef3f8f81413f	1	Adobe Acrobat for the Web Designer
857971cf-eaf4-4876-a2f3-2fc2c86a0b96	1	Adobe AIR Code Camp
3558337e-92ed-48af-809f-0aab6d1d0138	5	Adobe Photoshop CS5: From Reality to Renaissance
66dc1e09-1870-4a4e-8b87-fe39ec2b03e6	1	Adobe’s New CMS for Business: Real-World Case Studies in Business Catalyst
bbf73620-66d4-4a02-8340-c837cb72165c	1	Advanced ActionScript with Apparat
a97f6c05-cdff-415a-a1f6-2f17dbb64b6a	1	Advanced Audio Restoration and Editing 
debcd4e1-c7df-400c-b383-78afff010a8b	1	Advanced Data-Centric Application Development with Flash Builder
32e2f6bb-a8f6-4fbf-a38f-dda72f0be901	1	Advanced Drupal Themes using Dreamweaver CS5
3247c94c-70af-4f31-872b-1bb000c82815	2	Advanced Dynamic Form Design
99f3f5e3-5c33-4c83-b0c0-11bf7d73cbea	1	After Effects + Flash = Killer Rich Media
5f018615-5f97-46cd-a9cd-5d38d8aedda9	1	AIR for Android: Discovering the Magic
ff096606-5aa0-47fc-b7b2-70091045dc82	2	Animation How-To's, Tips and Tricks with Chris Georgenes
6f4d224e-79a1-41b2-93c8-01f25387cbfd	1	Animation with Chris Georgenes
dbd5e32a-cb74-4fed-b07f-3deb557d2120	1	Authoring Rich Experiences for Every Room in the Home
0fa87276-fefd-41a2-90fe-d200767e13e4	1	Automating Acrobat: Best Practices for Scripting and Batch Processing
dde00c61-5855-4387-b844-8fc7dfee5ab2	1	Best Practices of the Modern ColdFusion Developer
6d13b833-7a80-418a-a5de-880bc4e097ab	1	Best Practices: Working with Flash Catalyst CS5 and Adobe Design Applications 
5c26b591-c916-4c7f-aeb7-8191cd7c8691	1	Book Design: Pushing the Frontiers in Digital Reading
065508c2-b237-4274-9e59-7cab85ef2fbd	1	Building an Interactive Portfolio with Flash Catalyst CS5
90ddfb72-b32c-4e00-9592-3722601e43cb	1	Building Android Data-Driven Applications with Flex
edf3299a-ad9c-4721-ad98-f6a937119ebe	1	Building Better AIR Applications using Analytics 
38a43e6d-2b3b-4961-a705-f0f85da02c18	1	Building ColdFusion Powered Desktop And Mobile Applications
9098dc1d-b049-4564-b058-6f0a2b4b81c7	1	Building Composite Rich Internet Applications
4c66c0a4-bc33-4612-86ca-3de80725a673	2	Building Data-Centric Rich Internet Applications (with PHP)
03142dd2-8e9a-42ed-851d-496c8e75a7c4	1	Building Drupal Themes using Dreamweaver CS5
ea2f3fbb-2932-4d36-8c95-5b77b5191bf5	1	Building Enterprise Adobe AIR Applications for Android
48557044-641e-4e7c-98d3-dc6693756a0f	1	Building Flex Applications with Advanced Real Time Messaging 
fbbbb56c-c891-4e33-8a36-94332882f093	1	Building Language Learning Tools with Flash Catalyst, Flash Builder, and Flash Media Server
6083f1e1-6354-43db-a8b2-2baff4217922	1	Building Mobile Applications with jQuery
88e48467-5f0a-49ae-b580-eb5130dd2d2d	1	Building Mobile Learning with Your Existing eLearning Toolkit
48eb69e4-da58-43c9-9a13-9985c9a1d6bb	1	Building Model-Driven Forms
812606f8-143c-4539-9ed5-28ae8e314f3f	1	Building Multiscreen Applications
a73f442f-bd44-4498-a58d-eb0caddf9874	1	Building Offline Applications with Flex and Adobe AIR
05881bf0-81cd-4b76-859d-7d5fd17ae63c	1	Building P2P Multiplayer Games
5e65c3c7-a248-4551-896c-914b475c2575	1	Building Rich Multi-User Applications with LiveCycle Collaboration Service
90a64679-97d7-45f0-9f41-62dbdd7e153f	2	Building Scalable Applications with P2P and RTMFP
a92452fa-bc92-4da6-90df-ba687c4796c7	1	Building the Coolest Online Chess Game: Real-Time Messaging Lessons from the Trenches
fb5fa870-21f0-485d-b031-fd7ed17f6eb2	1	Building the Coolest Online Chess Game: Real-Time Messaging Lessons from the Trenches
525b50a5-e6ec-4b99-bde8-c987119f74e5	1	Building Your First AIR for Android Data-Driven Application
9c61141c-cbaa-4601-8674-43a734b1bf9e	1	Case Study: Is That a Rocket in Your Pocket?
b0b2c291-1e5a-4a69-a1d1-b3b3f99daf7b	1	ColdFusion Skunkworks
dff70d0e-da1a-4b76-855f-8ccdbda9bdca	1	ColdFusion Undocumented
ab73d320-a81d-47f6-b45c-757f812cc38d	1	Configuring and Maintaining Healthy ColdFusion Servers 
36fe341a-967e-4d14-b2e1-c51c9f7e8e72	1	Creating Accessible Content with Flash Professional
fc457b60-3ba3-4135-9280-20053031e781	1	Creating Compelling Mobile User Experiences: What You Need to Know
eb03067d-71a5-4892-97d9-a2d306b1117b	1	Creating Engaging Websites with Adobe Creative Suite 5 Web Premium
b92dd87c-8be0-41ba-a5b0-36f5082dd4b7	1	Creating Engaging, Viral Apps by Adding Social Interaction
c875de8f-8a1e-463c-8ae9-80b578559b59	1	Creating Enterprise RIAs: From Design to Implementation
25b224da-408d-4945-a5e0-60fa7005489a	1	Creating Industry-Standard eBooks for Distribution on Sony Reader, Amazon Kindle, and Apple iPad
147e3667-93a5-46d7-9850-4ecf1149fb45	2	Creating Interactive Content without Writing Code with CS5 Design Premium
95f07761-e8f0-4c38-8c31-7f1a5b1cc7ef	1	Creating Interactive Rich Media Advertising Campaigns with Video
5f739dd8-925a-40d7-859b-a059dfe11571	1	Creating Open@Adobe: Source Made Simple through SourceForge and Adobe
e201ea15-53ec-46e1-90ac-6351a33a6b0f	2	Creating Rich Interactive Documents within InDesign CS5
9cceeac4-a539-4d64-b8d4-452d0406f0e9	1	Creating Testable Flex Applications
4fcdb195-8f84-44a2-b9f3-477238c0b766	1	Creating Video Solutions for the Enterprise
cae9886a-4587-4b5a-8347-d67a7bbd4431	1	Creating Web Applications with HTML5 and CSS3
c1bc7e52-3547-4c2f-957a-e392440dfc42	2	Creative Suite 5 Across Screens
59bcb7dc-b7ef-4e5e-9ef1-ccf46d3348c9	1	CSS Grids Make Your Site Fast
53c47a8b-2038-47cb-a898-c32648bc45ec	1	Debugging, Profiling, and Testing Applications in Flash Builder
6ad45015-665a-4c6c-ab88-eb95d4cfafcd	1	Deconstructing the HTML5 Mobile Development Workflow 
76c7ed0e-b5e3-488b-bed5-6d0f9e03c655	1	Deep Dive into Flash Player Rendering
146a7d22-2173-4724-bcb2-4cbd8782a72a	1	Deep Dive into Mobile Development with the Flex SDK 
b66d7384-f154-4898-9a69-27ee428fcf03	2	Deep Dive on Flash Pro CS5
dca8bbaf-a681-4ab5-8414-017e817eecaa	1	Deep Dive with Device Central  CS5
d5a69c44-9d47-4fcf-828f-4b6afd634e26	1	Deliver Video Anywhere with Creative Suite 5 Production Premium
7494e4ac-57d4-4280-b416-dc40a5ec03d1	1	Delivering Repeatable Solutions with Deloitte Consulting and Adobe Enterprise Solutions
992b2449-cc1b-4fb0-b592-1b87417f6a1a	1	Delivery of Interactive PDF or Interactive SWF?
3b7b83d8-d03f-4efa-92a6-1952477e04f1	1	Design for Print, Web, and Interactive (without writing code!) using Creative Suite 5 Design Premium
d6f85a67-6855-49aa-8124-42b26d4f9fdf	1	Designer-Developer Workflow Panel
6fb63f9b-7526-47cb-9810-6201ad0394e5	1	Designing and Developing for Touch-Based Devices
17b18aa2-1084-4628-a4f6-ab06bc78ea26	2	Designing Custom Video Players
4aa396da-aa1f-4aae-845d-122ce86dba48	1	Designing Documents for Tablet Devices using InDesign CS5
7e5116be-38bf-4c07-b6ae-1a0fc30ed3f1	2	Developing a LiveCycle ES2.5 Application
966907be-f2a1-40fc-8945-a20e168ed6c8	1	Developing Adobe AIR Applications for Digital Home Devices
9179d407-62fb-4d5f-937e-a3e49e44a153	1	Developing World-Ready Applications 
07c17a34-1a66-49f6-9429-8ed29902aab1	1	Development of Mission-Critical Rich Internet Applications in Support of Government Operations
8d8576b4-2c84-43e2-82cf-058db0f5461f	1	Discover Flash Catalyst CS5
fde12119-474c-43cd-a20b-3126054fc098	1	Dreamweaver CS5 Deep Dive: Next-Generation Workflows
754938f7-c3d6-4d1e-8515-27cd2d40d982	1	Editing video with HDSLR cameras in CS5 Production Premium
9221a4a1-746c-4832-935e-efbe7bade5d6	1	Enterprise Live Video with Multicast and P2P
75c9444e-bfe1-44f4-b880-e2edb66b1572	1	Essential Eclipse Plug-ins and Tools for Flash Builder Developers
824434eb-32d7-486c-9d75-d003f589fa30	1	Extending LiveCycle ES for Java Developers
c33ff821-ce8a-4a80-9fcd-3a047888b957	1	Flash Builder Advanced Tips and Techniques
ecdbcb41-e5de-48a2-a29c-bc8ae1066eed	2	Why Should Developers Care about Flash Catalyst?
b23e236d-6a9d-45cf-a40f-eda5488daeee	1	Flash Catalyst CS5 Up Close with Rain, a Digital Agency
27240611-7235-47de-8014-80b28eef8383	3	Flash Catalyst CS5: Hands On for Designers
dc17fa60-ff1d-48e4-9614-a180a3f6373a	1	Flash Catalyst: What's Next?
4e086ec8-0742-45b8-88e1-4f0cd157546a	1	Flash Platform Content: Distribution and Monetization   
ae6f0b78-8873-44a5-920a-df42a01730ae	1	Flash Platform Services for Flash Builder Developers
649fc564-9944-4b19-8a51-71b0114bd55b	1	Flash Platform Services for Flash Professional Users
ae6f2190-c17a-4411-9e20-44a135e340b0	1	Flash Player 3D Future
9f974f98-c1fc-4faf-8dc2-22a9ca21e4be	1	Flash Player in Acrobat: Building Interactive PDF Documents
c4b2afaf-a94a-4bd0-b4d2-4d22e2efde6b	1	Flash Sneak Peak:  A Glimpse at the Future
8934775f-bb89-495e-a385-c087df321ae6	1	Flash, Flex, HTML5: Ouch, My Head Hurts!
ae64ffad-fc8d-41aa-ae6b-45b3508e056f	1	Flex 4 Development Crash Course
a9dfc7bd-592c-4e5b-a721-8ed66ed260f2	1	Flex Test-Drive: Building an application in 90 minutes
184363e5-4bac-49cd-a8da-076ea4fa9f33	2	From Design to Development: Creating RIAs with Flash Catalyst and Flash Builder
2d1be1ae-158b-4924-9997-7eeb7c1304ae	2	Fusing Art and Technology with Flash Professional CS5
e44913ea-57da-4eae-921e-61952a524d1c	2	FutuRIA: The Convergence of Rich Internet and Enterprise Applications
d0884ed9-43fc-4c5b-a48e-b7da75989a74	1	Game On! Multiscreen, Multiplayer Game Development
8f25d454-73ae-470e-b822-5f549671a1eb	1	Game Theory and Design for the Flash Platform
4cc11a50-023d-49f1-ba2d-cb6ba83d7ca8	2	General Session
a3cff593-b798-4b09-8735-229354f40a8d	2	Get hands on Adobe BrowserLab to check your websites for cross-browser compatibility
c39f52bf-a1a4-411e-ba52-d53031f4dd7e	2	Get Hands-on with Adobe CS Review to Share and Gather Feedback on Your Creative Projects
41d30329-5c05-4a99-add6-b583549d6318	1	Getting Paid: Leveraging Payments to Monetize Your Content in Flash or AIR
24ad7d40-d1c8-4fc7-8586-af25a6533262	1	Getting Started with ActionScript 3.0
4e113b7d-d99e-415e-9bcb-9cea70d73980	1	Getting Started with ColdFusion 9 Object Relational Mapping (ORM)
2c587674-1ce3-4f76-ad1c-d303c9172e29	1	Getting Users to Install Your Facebook, Mobile, and AIR Applications
7859252e-4ad4-43bc-b03b-913cafb193e0	1	Going beyond Screens: Flash Platform and Google 
34fe30c1-c72c-4677-aed1-d6b6b77f91a2	1	H.264 Encoding Strategies for All Screens
dca1b06d-053c-4dbc-bd9b-483a4b371289	2	Hands-on After Effects to Flash workflows 
5dac0143-605b-4d48-aec1-b2d14f427921	2	Hands-on Introduction to After Effects
c92e3b83-0adb-43bf-8bdc-def1feecce41	2	Hands-on Keying and Rotoscoping with After Effects CS5
27e8421a-d3fa-4555-afe8-f324eb7c2e94	2	Hands-on ORM with ColdFusion 9
e1dd0a3f-b25f-44fc-8175-5aa391cc1e7f	1	Hands-on: Using Flash Catalyst CS5 to Design Rich User Experiences
921740d7-2f35-4c69-83fc-0ea06bdc9397	1	HD Streaming with HTTP Dynamic Streaming
50e4bfea-8dbf-4257-b379-fdc17f43cfaf	1	HD Video Production for the Web
5139458e-2f3a-4650-8f41-1fe2275f9f1e	1	Hidden Gems and Technologies in Photoshop CS5 and Photoshop CS5 Extended
a2b19531-da04-4db7-b61c-a1b1e2dff769	2	Hidden Gems for the LiveCycle Community
35dd8b95-82be-40fb-84d3-ef8795e0b16d	1	High-Productivity Java and Flex Development with the Flex Add-on for Spring Roo
60dbcc87-cca5-4a7f-93d5-70f074fa2257	1	Hot Tips and Cool Tools in Illustrator CS5
d5e3fe6a-c68d-4aca-bad2-6804ca4353ee	1	How Full Sail University is Teaching Students to Author Applications in Flash
b9f686e4-56bb-49d3-bcca-e85c6f0f82ce	1	How I Learned to Stop Worrying and Love the Bomb (with Threadless)
3986f082-0031-44ce-8211-a9480e67a6b2	3	How to Build Business Websites Faster with Business Catalyst and Dreamweaver
a13b0a98-0fbf-4087-8dbb-2ffdf299cee2	1	How to Build Great Mobile Games using AIR for Android 
5baf93f1-84c2-46da-903f-a734b4727ac4	1	How to Build Your First AIR Application for a Digital Home Device
d2d1fe9f-013d-428d-9250-049321f057be	2	How to Get Started in Dreamweaver CS5
55804ee5-9cbd-4b4a-a7b7-f53fa1e068ce	1	How to Work Creatively and Quickly with 3D in Photoshop CS5 Extended
2740e6d5-368a-4c30-9728-e325e403b4f6	1	HTML5: Half-baked, Baked, or Ready for the Table?
ea7e5386-3105-4f15-b662-9f94b0f9f52a	1	I Didn’t Know Acrobat Could do That! (Experience with Acrobat)
3160b2c2-37bb-4b96-b3c1-0945d1e64e93	1	I Didn’t Know Acrobat Could Do That! (Getting Started)
440679e5-2297-4bfa-9211-20d40eba3daf	2	Illustrator Creative Brushwork and Photoshop Art Technique
da8741ea-9568-43f0-93cb-ae84cb928437	1	Improving the User Experience: Contract Servicing Improvements at Northwestern Mutual
5a940046-91c1-44c2-9c6f-9a2e3048d358	2	InDesign CS5 in Depth
5d97ba56-fab3-4b29-991c-38b5d58c43c7	1	InDesign CS5 Power Shortcuts
adbf6c87-de70-487d-a4e0-bfca4134ee03	1	Installing, Developing, and Debugging Your First Application with ColdFusion Builder
94e51d78-d02f-490b-a57f-f06461d94a9a	1	Internationalization Techniques for the Flash Platform
fd13fd66-114d-46c1-8e04-5c864b6b5d3c	1	Introducing Flex and LiveCycle Integration
4b342071-66e4-4b37-a3f4-fa6dbdc1ae17	1	Introducing LiveCycle Collaboration Service for Flex
b29a9da7-d1d8-451f-9a55-82e2d0a25b9c	1	Introduction to Adobe AIR for Android 
186a851a-ebb5-4e69-9aa4-3e3c63517caa	1	Introduction to Adobe AIR for Digital Home Devices
d86b6b10-d86e-4e34-a4a8-4c3d645c6da3	1	Introduction to BlazeDS and LiveCycle Data Services
f2fa9c8a-a1c0-4532-ba57-ca8760a80f1f	2	Introduction to Flash Professional
011cb6de-4d1a-4639-99ce-5bc89f27318d	1	Introduction to Painting with Illustrator CS5
50c41f9e-89be-4ada-b701-dd8365817e92	1	Introduction to Perspective Drawing in Illustrator CS5
a8dc0ada-698f-4004-8cd3-99cb2782d7a2	2	JibJab Case Study: Using Adobe Tools to Create and Monetize Online Content
9cbd8c90-f759-412f-84b2-9197e71dd6b3	1	Learning Integration Tips among Tools in CS5 Master Collection
f6a01d1a-b6a1-4027-bef9-863d51240347	1	Leveraging ColdFusion Builder for IRA Development
71b83a98-6165-42dd-980a-11d1e1921a58	1	LiveCycle Data Services in the Cloud
271460f0-8981-45d1-a5f0-44590abe5144	1	Magazine Design in the Brave New World of Digital Devices
30541f17-58cc-4821-b435-fc0f634e15b4	1	Making Money with Your AIR Applications
95b322b8-f780-4b58-9a12-b97e9489c764	1	Making Video Pay with Advertising and Analytics
725ae132-5227-4d2c-88f2-e4646bd875d2	2	Making Your Applications Social
dfce4877-2cdc-447c-a35a-928f5ec113f6	1	Making Your Flash Application Extendable by Others
42a95193-fb0b-4093-9517-0698bda40d4c	1	Meet the Teams
9fe0c797-0782-4abe-869b-07f76e1151f2	1	Mobile Devices as Application Controllers
985de6eb-e80d-46d0-b4d9-8099ba7fe143	1	Model-Driven Development with Flex and LiveCycle Data Services
15b11e94-a39c-4045-a1ec-297ecba082d5	1	Multiple Screens, One Server
a692eee8-6116-40e4-9932-62b000e5243b	1	Open Screen Project: Today and Beyond
5158bbcc-761d-40ec-9d50-1c919de1853f	1	Open Source Game Development with Flash and PushButton Engine
86c46b65-b4c9-4e06-98cd-30cc97df6f82	1	Optimizing Flash Player Compatible Content for Mobile Devices
9dee3e6e-a95c-4992-ad17-ca9745f3e71c	1	Painting in Photoshop CS5 with the Master Painter
eb766721-8339-474a-9f02-3109bbfea385	1	Performance Tips and Tricks for Flex and Flash Development 
cf854c1a-7599-4b4f-82b3-25fcff2be81e	1	Photoshop CS5 and Lightroom 3: The Ultimate Photography Workflow
6229e372-335d-4fc3-af12-0edb29963fa4	2	Photoshop CS5 Extended Hands-on 3D Techniques
a09224cd-81dd-4c40-85ed-321d8d503f84	1	Photoshop CS5 Instant Effects: One-Click Techniques for Designers and Photographers
df4b58d8-de66-4211-9999-63001555cf49	1	Pixel-Perfect: Photoshop CS5 Power Shortcuts for Web and Interactive Designers
afedf4f8-c562-402b-b4a0-6afe03aaffb0	1	Planning and Tracking Successful Projects with WorkflowLab
083bb6eb-8284-4225-a912-4e7e1b4c14be	1	PointRoll in Your Pocket: The How and Why of Mobile Advertising with Flash Player 10.1
8b45f8a1-ea82-4c14-832c-05bc639b1a94	1	Porting "Plants vs. Zombies" to Flash
4c804fb6-b901-4496-a9ec-6d1794dd2ae2	1	Principles of Interaction Design for Graphic Designers
29ae0675-ba3a-47dd-8a8f-3e4c1ba5543c	1	Progressing beyond the Desktop at Universities with Adobe AIR
ba942f85-1342-425a-bf66-04ffc08a1592	2	Rapid Development using LiveCycle in the Cloud
2a597aff-642e-414f-ad84-21f2a779d792	1	Rapidly Building Flex RIAs with Spring BlazeDS Integration and Spring Roo
ac4c4df1-bf17-445f-b552-3b93e09e1938	1	Real-Life Examples of Flash Platform Services Use
cdd31905-843c-4a2d-9110-d71e4dbc6c03	2	Real-Time Collaboration Deep Dive : Deploying Apps using LiveCycle Collaboration Service
2851fa5b-fd68-460e-b9b3-dc2d4589bddc	2	Real-World PDF Portfolios 
f95a7457-ca6d-44fb-a515-2160de729515	2	Realizing Great Customer Experiences with LiveCycle ES3
c5369fc2-3589-4c0d-9f36-5217aaea3c4e	1	RIA Design and Development Workflow Examined
c3c266dc-69a3-4899-bb9d-f8ff675b13e4	2	Robust Video Player Development with Open Source Media Framework 
bb92806d-455c-43fa-b2c3-8a5bb36c11ed	1	Screens of Possibility: Pushing Multiscreen Experiences with Spark and Flex
0624a2af-71eb-4159-a6da-bb4eb191cf98	1	Search Made Easy: Full-Text Document Search with ColdFusion
7a6c9ffb-a04e-4fc4-bddd-5892c1907fcc	1	Secure Enterprise Video Streaming with Flash Media Server and P2P
55eea419-1a97-46a7-bc09-f5bbcc3bd42d	2	See. Say. Do. How Africa Changed Everything
e9608dd2-2205-41d8-86ca-a96b4257691c	1	Shooting and Editing Interviews with CS5 Production Premium
46cdee02-e5ad-469d-9b69-02fdccbb9824	1	Shooting Movies with a RED One Camera Through a Microscope
c10e0049-aa8b-4d56-b346-9f1aacea345f	1	Simplifying Cross-Browser Testing with BrowserLab
658dfcef-df05-44c1-959f-6a59c9cf6d8f	1	Sneak Peeks
ef4cefef-a69a-4ec6-8efa-853b1595d0e1	1	Taking Your Brand to the Next T: Tablets and TVs
cc2ac989-3d1c-465c-8a56-c7ca355e6418	1	The Adobe Digital Publishing Platform
d12a0992-25b7-474e-8ee1-2ee0b1fd2ad8	2	The Convergence of Flash and PDF: Interactive Statements
6e3bec38-c348-4529-be81-327200377544	1	The Future of Acrobat
22d15a38-c42c-46c3-aa5a-78f1d4feb386	2	The Mobile Enterprise
3fef6ac1-23c5-49d5-b68d-0331396aea20	1	Thinking in ActionScript
4e271712-4613-4c51-a751-0d46fd6037a3	1	Three Reasons You Should Add Business Catalyst to Your Web Design Toolbox
943e364a-d23c-4d73-afcc-dffb579fb516	1	Transforming the Value of IT for Government through Modernization at South African Revenue Service
41262857-bfea-46ea-a575-76d42f19d969	1	Tricked Out Illustrator
720ee11e-a96b-41be-acd4-3d2c1d010843	1	Turning the tokidoki Vision into a Global Brand
454996cf-8f11-406a-b0e3-ac312bdac5fe	1	Using Adobe CS Review to Speed up Creative Reviews
4acb7250-379f-472d-8912-3c172d2cd008	1	Using Flash Builder 4 to Create Custom PDF Portfolio Layouts
2d566ff7-3798-4a97-a8e1-a8e1fb94edcd	1	Using Flash Catalyst CS5 to Design Rich User Experiences 
588e7d3f-d318-4b43-ac97-5e24a38824d1	1	Using Web Fonts Now
bdc8cce0-3407-4bb0-9dca-91ffd0435ea6	1	Using What You Know: Transitioning from Print to Web 
bb466989-240a-4088-88f4-a03429539dde	1	Video Delivery Roadmap for the Flash Platform
623e8317-0f37-4b80-a6d2-9255ef237ab4	1	Video on Flash Player 10.1 Mobile Devices 
18892b93-2ac9-4d3f-a73c-c1752f02d2ed	2	Video Production for the Web using CS5 Production Premium 
93192fee-a520-4e5b-9be3-4cc152311956	1	Vocal Recognition with Flash Player 10.1
da3d4696-c7cb-402f-b938-d84b2a6d1718	1	What's Coming in Adobe AIR
563d0311-8c31-4b93-a59f-9d637ed65b0e	1	What's New in Flash Builder "Burrito"?
3bcbad9d-3200-4cb4-bbaa-a6d7474047b5	1	What's New in Flash Professional CS5
82d6babd-03c3-4c36-a7de-6c058ccd3a80	1	What's New in InDesign CS5
5dea7bd3-474d-44ce-9d05-09dda149b1f4	1	What's New in Photoshop CS5 & Photoshop CS5 Extended
